<addon id="plugin.video.luc_kodi" name="[B][COLOR ff00fa9a]luc_[/COLOR][/B]kodi" provider-name="[COLOR fffe9900]apoyotech[/COLOR]" version="0.0.20">
	<requires>
		<import addon="xbmc.python" version="3.0.1" />
		<import addon="script.module.requests" />
		<import addon="script.module.beautifulsoup4" />
		<import addon="plugin.video.youtube" optional="true" />
	</requires>
	<extension point="xbmc.python.pluginsource" library="luc_kodi.py">
		<provides>video</provides>
	</extension>
	<extension point="xbmc.service" library="service.py" start="startup" />
	<extension point="xbmc.python.module" library="resources/lib/" />
	<extension point="xbmc.addon.metadata">
		<reuselanguageinvoker>true</reuselanguageinvoker>
		<summary lang="en">We do not host any of the contents</summary>
		<description lang="en">[COLOR ff00fa9a]The author of this addon does not host any of the content in this addon and takes no responsibility for content found[/COLOR]</description>
		<platform>all</platform>
		<license>GNU GENERAL PUBLIC LICENSE. Version 3, 29 June 2007</license>
		<forum />
		<disclaimer lang="en">[COLOR ffc75453]This addon simply searches websites for content. Use at your own risk![/COLOR]</disclaimer>
	  <assets>
		<icon>icon.png</icon>
		<fanart>fanart.jpg</fanart>
		<screenshot>resources/screenshot1.jpg</screenshot>
        <screenshot>resources/screenshot2.jpg</screenshot>
        <screenshot>resources/screenshot3.jpg</screenshot>
      </assets>
    </extension>
</addon>
