<?xml version="1.0" encoding="utf-8"?>
<window>
  
	
	
  <controls>
    
		
    <control type="image">
      
			
      <description>background</description>
      
			
      <left>0</left>
      
			
      <top>0</top>
      
			
      <width>1920</width>
      
			
      <height>1080</height>
      
			
      <texture>common/black.png</texture>
      
		
    </control>
    
		
    <control type="image">
      
			
      <left>0</left>
      
			
      <top>0</top>
      
			
      <width>1920</width>
      
			
      <height>1080</height>
      
			
      <aspectratio>scale</aspectratio>
      
            
      <texture colordiffuse="80F5F5F5">$INFO[Window().Property(luc_kodi.fanart)]</texture>
      
		    
      <animation effect="fade" end="25" time="120" tween="sine">WindowOpen</animation>
      
        
    </control>
    
		
    <control type="image">
      
			
      <description>clearlogo</description>
      
			
      <left>348</left>
      
			
      <top>5</top>
      
			
      <width max="696">auto</width>
      
			
      <height>140</height>
      
			
      <aspectratio align="center" aligny="center">keep</aspectratio>
      
			
      <texture background="true">$INFO[Window().Property(luc_kodi.clearlogo)]</texture>
      
			
      <animation effect="zoom" start="0,100" end="90" time="1000" delay="350" center="auto" tween="back" easing="out">WindowOpen</animation>
      
		
    </control>
    
		
    <control type="image">
      
			
      <left>360r</left>
      
			
      <top>0</top>
      
			
      <width>50</width>
      
			
      <height>150</height>
      
			
      <aspectratio>keep</aspectratio>
      
			
      <texture>common/icon.png</texture>
      
		
    </control>
    
		
    <control type="label">
      
			
      <description>sources label</description>
      
			
      <left>300r</left>
      
			
      <top>0</top>
      
			
      <width max="280">auto</width>
      
			
      <height>150</height>
      
			
      <font>font14</font>
      
			
      <textcolor>FFC75453</textcolor>
      
			
      <align>left</align>
      
			
      <aligny>center</aligny>
      
			
      <scroll>false</scroll>
      
			
      <label>$INFO[Window().Property(luc_kodi.total_results),[B],[/B]] RESULTS</label>
      
		
    </control>
    
		
    <control type="label">
      
			
      <description>episode details</description>
      
			
      <top>0</top>
      
			
      <width>545</width>
      
			
      <height>150</height>
      
			
      <font>font14</font>
      
			
      <textcolor>FF00FA9A</textcolor>
      
			
      <align>left</align>
      
			
      <aligny>center</aligny>
      
			
      <autoscroll>false</autoscroll>
      
			
      <label>[B]$INFO[Window().Property(luc_kodi.details)][/B]</label>
      
            
      <visible>!String.IsEmpty(Window().Property(luc_kodi.season))</visible>
      
		
    </control>
    
		
    <control type="label">
      
			
      <description>movie details</description>
      
			
      <top>0</top>
      
			
      <width>545</width>
      
			
      <height>150</height>
      
			
      <font>font14</font>
      
			
      <textcolor>FF00FA9A</textcolor>
      
			
      <align>left</align>
      
			
      <aligny>center</aligny>
      
			
      <autoscroll>false</autoscroll>
      
			
      <label>[B]$INFO[Window().Property(luc_kodi.details)][/B]</label>
      
            
      <visible>String.IsEmpty(Window().Property(luc_kodi.year))</visible>
      
		
    </control>
    
		
    <control type="image">
      
			
      <description>poster</description>
      
			
      <left>1400</left>
      <top>158</top>
      
			
      <width>486</width>
      
			
      <height>729</height>
      
			
      <aspectratio aligny="top">keep</aspectratio>
      
			
      <texture background="true">$INFO[Window().Property(luc_kodi.poster)]</texture>
      
			
      <bordertexture border="-8,-8,-8,-63" infill="false" colordiffuse="FF1E4F43">common/white.png</bordertexture>
      
			
      <visible>!String.IsEqual(Window().Property(luc_kodi.wide_list),true)</visible>
      
		
    </control>
    
		
    <control type="group">
      
			
      <visible>!String.IsEqual(Window().Property(luc_kodi.wide_list),true)</visible>
      
			
      <left>25</left>
      <width>1350</width>
      
			
      <control type="fixedlist" id="2000">
        
				
        <focusposition>3</focusposition>
        
				
        <movement>4</movement>
        
				
        <description>Source Select List</description>
        
				
        <viewtype>list</viewtype>
        
				
        <left>0</left>
        
				
        <top>150</top>
        
				
        <width>1320</width>
        
				
        <height>800</height>
        
				
        <scrolltime tween="sine">400</scrolltime>
        
				
        <orientation>Vertical</orientation>
        
				
        <itemlayout height="100">
          
				
          <control type="image">
            
					
            <description>Card Background</description>
            
					
            <left>0</left>
            
					
            <top>0</top>
            
					
            <width>1350</width>
            
					
            <height>95</height>
            
					
            <aspectratio>stretch</aspectratio>
            
					
            <texture colordiffuse="80F5F5F5" border="2,2,2,2">common/gradient-diffuse-3.png</texture>
            <bordertexture border="2,2,2,2" colordiffuse="FF474A51" infill="false">common/white.png</bordertexture>
            
				
          </control>
          
					
          <control type="image">
            
						
            <description>Quality Icon</description>
            
						
            <left>0</left>
            
						
            <top>0</top>
            
						
            <width>100</width>
            
						
            <height>100</height>
            
						
            <aspectratio>keep</aspectratio>
            
						
            <texture colordiffuse="80F5F5F5">$INFO[ListItem.Property(luc_kodi.quality_icon)]</texture>
            
					
          </control>
          
					
          <control type="group">
            
						
            <left>110</left>
            
						
            <top>50</top>
            
						
            <width>1274</width>
            
						
            <height>25</height>
            
						
            <control type="label">
              
							
              <description>Line1 link name</description>
              
							
              <top>-35</top>
              
							
              <font>font12</font>
              
							
              <textcolor>FFFFFFFF</textcolor>
              
							
              <align>left</align>
              
							
              <aligny>top</aligny>
              
							
              <label>[B][COLOR $INFO[Window().Property(luc_kodi.highlight.color)]]$INFO[ListItem.Property(luc_kodi.count)]  $INFO[ListItem.Property(luc_kodi.name)][/COLOR][/B]</label>
              
							
              <visible>!String.Contains(ListItem.Property(luc_kodi.source),UNCACHED)</visible>
              
						
            </control>
            
						
            <control type="label">
              
							
              <description>Line1 link name UNCACHED TORRENTS</description>
              
							
              <top>-35</top>
              
							
              <font>font12</font>
              
							
              <textcolor>FFFFFFFF</textcolor>
              
							
              <align>left</align>
              
							
              <aligny>top</aligny>
              
							
              <label>[B]$INFO[ListItem.Property(luc_kodi.count)]  $INFO[ListItem.Property(luc_kodi.name)][/B]</label>
              
							
              <visible>String.Contains(ListItem.Property(luc_kodi.source),UNCACHED)</visible>
              
						
            </control>
            
						
            <control type="label">
              
							
              <description>Line2 link name LOAD UNCACHED TORRENTS</description>
              
							
              <font>font13</font>
              
							
              <textcolor>FFFFFFFF</textcolor>
              
							
              <align>left</align>
              
							
              <aligny>top</aligny>
              
							
              <label>$INFO[ListItem.Property(luc_kodi.size_label)] UNCACHED TORRENTS</label>
              
							
              <visible>String.IsEqual(ListItem.Property(luc_kodi.source),LOAD UNCACHED TORRENTS)</visible>
              
						
            </control>
            
						
            <control type="label">
              
							
              <description>Line2 cloud file</description>
              
							
              <font>font13</font>
              
							
              <textcolor>FFFFFFFF</textcolor>
              
							
              <align>left</align>
              
							
              <aligny>top</aligny>
              
							
              <label>$INFO[ListItem.Property(luc_kodi.size_label)]   [COLOR $INFO[Window().Property(luc_kodi.highlight.color)]]|[/COLOR]   $INFO[ListItem.Property(luc_kodi.debrid)]   [COLOR $INFO[Window().Property(luc_kodi.highlight.color)]]|[/COLOR]   $INFO[ListItem.Property(luc_kodi.source)]</label>
              
							
              <visible>String.IsEqual(ListItem.Property(luc_kodi.source),CLOUD)</visible>
              
						
            </control>
            
						
            <control type="label">
              
							
              <description>Line2 cached torrents</description>
              
							
              <font>font13</font>
              
							
              <textcolor>FFFFFFFF</textcolor>
              
							
              <align>left</align>
              
							
              <aligny>top</aligny>
              
							
              <label>$INFO[ListItem.Property(luc_kodi.size_label)]   [COLOR $INFO[Window().Property(luc_kodi.highlight.color)]]|[/COLOR]   $INFO[ListItem.Property(luc_kodi.debrid)]   [COLOR $INFO[Window().Property(luc_kodi.highlight.color)]]|[/COLOR]   $INFO[ListItem.Property(luc_kodi.provider)]   [COLOR $INFO[Window().Property(luc_kodi.highlight.color)]]|[/COLOR]   $INFO[ListItem.Property(luc_kodi.source)]   [COLOR $INFO[Window().Property(luc_kodi.highlight.color)]]|[/COLOR]   $INFO[ListItem.Property(luc_kodi.extra_info)]</label>
              
							
              <visible>!String.Contains(ListItem.Property(luc_kodi.source),DIRECT) + !String.Contains(ListItem.Property(luc_kodi.source),LOCAL) + !String.Contains(ListItem.Property(luc_kodi.source),UNCACHED) + !String.Contains(ListItem.Property(luc_kodi.source),CLOUD)</visible>
              
						
            </control>
            
						
            <control type="label">
              
							
              <description>Line2 uncached torrents</description>
              
							
              <font>font13</font>
              
							
              <textcolor>FFFFFFFF</textcolor>
              
							
              <align>left</align>
              
							
              <aligny>top</aligny>
              
							
              <label>$INFO[ListItem.Property(luc_kodi.size_label)]   [COLOR $INFO[Window().Property(luc_kodi.highlight.color)]]|[/COLOR]   $INFO[ListItem.Property(luc_kodi.debrid)]   [COLOR $INFO[Window().Property(luc_kodi.highlight.color)]]|[/COLOR]   $INFO[ListItem.Property(luc_kodi.provider)]   [COLOR $INFO[Window().Property(luc_kodi.highlight.color)]]|[/COLOR]   $INFO[ListItem.Property(luc_kodi.source)]   [COLOR $INFO[Window().Property(luc_kodi.highlight.color)]]|[/COLOR]   SEEDERS: $INFO[ListItem.Property(luc_kodi.seeders)]</label>
              
							
              <visible>!String.IsEqual(ListItem.Property(luc_kodi.source),LOAD UNCACHED TORRENTS) + String.Contains(ListItem.Property(luc_kodi.source),UNCACHED)</visible>
              
						
            </control>
            
						
            <control type="label">
              
							
              <description>Line2 direct or local links</description>
              
							
              <font>font13</font>
              
							
              <textcolor>FFFFFFFF</textcolor>
              
							
              <align>left</align>
              
							
              <aligny>top</aligny>
              
							
              <label>$INFO[ListItem.Property(luc_kodi.size_label)]   [COLOR $INFO[Window().Property(luc_kodi.highlight.color)]]|[/COLOR]   $INFO[ListItem.Property(luc_kodi.source)]   [COLOR $INFO[Window().Property(luc_kodi.highlight.color)]]|[/COLOR]   $INFO[ListItem.Property(luc_kodi.provider)]</label>
              
							
              <visible>String.Contains(ListItem.Property(luc_kodi.source),DIRECT) | String.Contains(ListItem.Property(luc_kodi.source),LOCAL)</visible>
              
						
            </control>
            
						
            <control type="label">
              
							
              <description>Line2 hosters</description>
              
							
              <font>font13</font>
              
							
              <textcolor>FFFFFFFF</textcolor>
              
							
              <align>left</align>
              
							
              <aligny>top</aligny>
              
							
              <label>$INFO[ListItem.Property(luc_kodi.size_label)]   [COLOR $INFO[Window().Property(luc_kodi.highlight.color)]]|[/COLOR]   $INFO[ListItem.Property(luc_kodi.debrid)]   [COLOR $INFO[Window().Property(luc_kodi.highlight.color)]]|[/COLOR]   $INFO[ListItem.Property(luc_kodi.provider)]   [COLOR $INFO[Window().Property(luc_kodi.highlight.color)]]|[/COLOR]   $INFO[ListItem.Property(luc_kodi.source)]   [COLOR $INFO[Window().Property(luc_kodi.highlight.color)]]|[/COLOR]   HOSTER</label>
              
							
              <visible>!String.Contains(ListItem.Property(luc_kodi.source),UNCHECKED) + !String.Contains(ListItem.Property(luc_kodi.source),DIRECT) + !String.Contains(ListItem.Property(luc_kodi.source),LOCAL) + !String.Contains(ListItem.Property(luc_kodi.source),TORRENT) + !String.IsEqual(ListItem.Property(luc_kodi.source),CLOUD)</visible>
              
						
            </control>
            
					
          </control>
          
				
        </itemlayout>
        
				
        <focusedlayout height="100">
          
					
          <control type="image">
            
						
            <left>0</left>
            
						
            <top>0</top>
            
						
            <width>1350</width>
            
						
            <height>95</height>
            
						
            <texture colordiffuse="80F5F5F5" flipx="true" border="2,2,2,2">common/gradient-diffuse-1.png</texture>
            <bordertexture border="2,2,2,2" colordiffuse="FF474A51" infill="false">common/white.png</bordertexture>
            
					
          </control>
          
					
          <control type="image">
            
						
            <description>Quality Icon</description>
            
						
            <left>0</left>
            
						
            <top>0</top>
            
						
            <width>100</width>
            
						
            <height>100</height>
            
						
            <aspectratio>keep</aspectratio>
            
						
            <texture>$INFO[ListItem.Property(luc_kodi.quality_icon)]</texture>
            
					
          </control>
          
					
          <control type="group">
            
						
            <left>110</left>
            
						
            <top>50</top>
            
						
            <width>1274</width>
            
						
            <height>25</height>
            
						
            <control type="label">
              
							
              <description>Line1 link name</description>
              
							
              <top>-35</top>
              
							
              <font>font12</font>
              
							
              <textcolor>FFFFFFFF</textcolor>
              
							
              <align>left</align>
              
							
              <aligny>top</aligny>
              
							
              <label>[B]$INFO[ListItem.Property(luc_kodi.count)]  $INFO[ListItem.Property(luc_kodi.name)][/B]</label>
              
						
            </control>
            
						
            <control type="label">
              
							
              <description>Line2 link name LOAD UNCACHED TORRENTS</description>
              
							
              <font>font13</font>
              
							
              <textcolor>FFFFFFFF</textcolor>
              
							
              <align>left</align>
              
							
              <aligny>top</aligny>
              
							
              <label>[B]$INFO[ListItem.Property(luc_kodi.size_label)] UNCACHED TORRENTS[/B]</label>
              
							
              <visible>String.IsEqual(ListItem.Property(luc_kodi.source),LOAD UNCACHED TORRENTS)</visible>
              
												
              <scroll>Control.HasFocus(2000)</scroll>
              
					
            </control>
            
						
            <control type="label">
              
							
              <description>Line2 cloud file</description>
              
							
              <font>font13</font>
              
							
              <textcolor>FFFFFFFF</textcolor>
              
							
              <align>left</align>
              
							
              <aligny>top</aligny>
              
							
              <label>[B]$INFO[ListItem.Property(luc_kodi.size_label)]  |  $INFO[ListItem.Property(luc_kodi.debrid)]  |  $INFO[ListItem.Property(luc_kodi.source)][/B]</label>
              
							
              <visible>String.IsEqual(ListItem.Property(luc_kodi.source),CLOUD)</visible>
              
												
              <scroll>Control.HasFocus(2000)</scroll>
              
					
            </control>
            
						
            <control type="label">
              
							
              <description>Line2 cached torrents</description>
              
							
              <font>font13</font>
              
							
              <textcolor>FFFFFFFF</textcolor>
              
							
              <align>left</align>
              
							
              <aligny>top</aligny>
              
							
              <label>[B]$INFO[ListItem.Property(luc_kodi.size_label)]  |  $INFO[ListItem.Property(luc_kodi.debrid)]  |  $INFO[ListItem.Property(luc_kodi.provider)]  |  $INFO[ListItem.Property(luc_kodi.source)]  |  $INFO[ListItem.Property(luc_kodi.extra_info)][/B]</label>
              
							
              <visible>!String.Contains(ListItem.Property(luc_kodi.source),DIRECT) + !String.Contains(ListItem.Property(luc_kodi.source),LOCAL) + !String.Contains(ListItem.Property(luc_kodi.source),UNCACHED) + !String.Contains(ListItem.Property(luc_kodi.source),CLOUD)</visible>
              
												
              <scroll>Control.HasFocus(2000)</scroll>
              
					
            </control>
            
						
            <control type="label">
              
							
              <description>Line2 uncached torrents</description>
              
							
              <font>font13</font>
              
							
              <textcolor>FFFFFFFF</textcolor>
              
							
              <align>left</align>
              
							
              <aligny>top</aligny>
              
							
              <label>[B]$INFO[ListItem.Property(luc_kodi.size_label)]  |  $INFO[ListItem.Property(luc_kodi.debrid)]  |  $INFO[ListItem.Property(luc_kodi.provider)]  |  $INFO[ListItem.Property(luc_kodi.source)]  |  SEEDERS: $INFO[ListItem.Property(luc_kodi.seeders)][/B]</label>
              
							
              <visible>!String.IsEqual(ListItem.Property(luc_kodi.source),LOAD UNCACHED TORRENTS) + String.Contains(ListItem.Property(luc_kodi.source),UNCACHED)</visible>
              
												
              <scroll>Control.HasFocus(2000)</scroll>
              
					
            </control>
            
						
            <control type="label">
              
							
              <description>Line2 direct or local links</description>
              
							
              <font>font13</font>
              
							
              <textcolor>FFFFFFFF</textcolor>
              
							
              <align>left</align>
              
							
              <aligny>top</aligny>
              
							
              <label>[B]$INFO[ListItem.Property(luc_kodi.size_label)]  |  $INFO[ListItem.Property(luc_kodi.source)]  |  $INFO[ListItem.Property(luc_kodi.provider)][/B]</label>
              
							
              <visible>String.Contains(ListItem.Property(luc_kodi.source),DIRECT) | String.Contains(ListItem.Property(luc_kodi.source),LOCAL)</visible>
              
												
              <scroll>Control.HasFocus(2000)</scroll>
              
					
            </control>
            
						
            <control type="label">
              
							
              <description>Line2 hosters</description>
              
							
              <font>font13</font>
              
							
              <textcolor>FFFFFFFF</textcolor>
              
							
              <align>left</align>
              
							
              <aligny>top</aligny>
              
							
              <label>[B]$INFO[ListItem.Property(luc_kodi.size_label)]  |  $INFO[ListItem.Property(luc_kodi.debrid)]  |  $INFO[ListItem.Property(luc_kodi.provider)]  |  $INFO[ListItem.Property(luc_kodi.source)]  |  HOSTER[/B]</label>
              
							
              <visible>!String.Contains(ListItem.Property(luc_kodi.source),UNCHECKED) + !String.Contains(ListItem.Property(luc_kodi.source),DIRECT) + !String.Contains(ListItem.Property(luc_kodi.source),LOCAL) + !String.Contains(ListItem.Property(luc_kodi.source),TORRENT) + !String.IsEqual(ListItem.Property(luc_kodi.source),CLOUD)</visible>
              
												
              <scroll>Control.HasFocus(2000)</scroll>
              
					
            </control>
            
					
          </control>
          
				
        </focusedlayout>
        
			
        <pagecontrol>3000</pagecontrol>
        <onright>3000</onright>
      </control>
      
			
      <control type="scrollbar" id="3000">
        <description>Auto Scrollbar</description>
        <left>1330</left>
        <top>150</top>
        <width>20</width>
        <height>800</height>
        <orientation>vertical</orientation>
        <showonepage>true</showonepage>
        <midtexture colordiffuse="40F5F5F5">common/gradient-diffuse-3.png</midtexture>
        <nibtexture colordiffuse="$INFO[Window().Property(luc_kodi.highlight.color)]">common/white.png</nibtexture>
        <midtexturefocus colordiffuse="60F5F5F5">common/gradient-diffuse-1.png</midtexturefocus>
        <nibtexturefocus colordiffuse="FFFFFFFF">common/white.png</nibtexturefocus>
        <animation effect="fade" start="0" end="100" time="220" tween="sine">WindowOpen</animation>
        <onleft>2000</onleft>
        <onright>noop</onright>
      </control>
      <control type="grouplist" id="2002">
        
				
        <description>Info icons</description>
        
				
        <left>110</left>
        
				
        <top>965</top>
        
				
        <width>1274</width>
        
				
        <height>100</height>
        
				
        <itemgap>25</itemgap>
        
				
        <orientation>horizontal</orientation>
        
				
        <control type="image">
          
					
          <description>Dolby Vision Icon</description>
          
					
          <width>100</width>
          
					
          <aspectratio>keep</aspectratio>
          
					
          <texture>source/dv.png</texture>
          
					
          <visible>String.Contains(Container(2000).ListItem.Property(luc_kodi.extra_info),DOLBY-VISION)</visible>
          
				
        </control>
        
				
        <control type="image">
          
					
          <description>HDR Icon</description>
          
					
          <width>100</width>
          
					
          <aspectratio>keep</aspectratio>
          
					
          <texture>source/hdr.png</texture>
          
					
          <visible>String.Contains(Container(2000).ListItem.Property(luc_kodi.extra_info),HDR) + !String.Contains(Container(2000).ListItem.Property(luc_kodi.extra_info),HDRIP)</visible>
          
				
        </control>
        
				
        <control type="image">
          
					
          <description>3D Icon</description>
          
					
          <width>100</width>
          
					
          <aspectratio>keep</aspectratio>
          
					
          <texture>source/3d.png</texture>
          
					
          <visible>String.Contains(Container(2000).ListItem.Property(luc_kodi.extra_info),3D)</visible>
          
				
        </control>
        
				
        <control type="image">
          
					
          <description>HEVC/H.265 Icon</description>
          
					
          <width>100</width>
          
					
          <aspectratio>keep</aspectratio>
          
					
          <texture>source/hevc.png</texture>
          
					
          <visible>String.Contains(Container(2000).ListItem.Property(luc_kodi.extra_info),HEVC) | [String.Contains(Container(2000).ListItem.Property(luc_kodi.extra_info),DOLBY-VISION) | String.Contains(Container(2000).ListItem.Property(luc_kodi.extra_info),HDR)] + !String.Contains(Container(2000).ListItem.Property(luc_kodi.extra_info),HDRIP) + !String.Contains(Container(2000).ListItem.Property(luc_kodi.extra_info),AVC)</visible>
          
				
        </control>
        
				
        <control type="image">
          
					
          <description>AVC/H.264 Icon</description>
          
					
          <width>100</width>
          
					
          <aspectratio>keep</aspectratio>
          
					
          <texture>source/h264.png</texture>
          
					
          <visible>String.Contains(Container(2000).ListItem.Property(luc_kodi.extra_info),AVC)</visible>
          
				
        </control>
        
				
        <control type="image">
          
					
          <description>MPEG Icon</description>
          
					
          <width>100</width>
          
					
          <aspectratio>keep</aspectratio>
          
					
          <texture>source/mpeg_video.png</texture>
          
					
          <visible>String.Contains(Container(2000).ListItem.Property(luc_kodi.extra_info),MPEG)</visible>
          
				
        </control>
        
				
        <control type="image">
          
					
          <description>WMV Icon</description>
          
					
          <width>100</width>
          
					
          <aspectratio>keep</aspectratio>
          
					
          <texture>source/wmv2.png</texture>
          
					
          <visible>String.Contains(Container(2000).ListItem.Property(luc_kodi.extra_info),WMV)</visible>
          
				
        </control>
        
				
        <control type="image">
          
					
          <description>AVI Icon</description>
          
					
          <width>100</width>
          
					
          <aspectratio>keep</aspectratio>
          
					
          <texture>source/avi.png</texture>
          
					
          <visible>String.Contains(Container(2000).ListItem.Property(luc_kodi.extra_info),AVI)</visible>
          
				
        </control>
        
				
        <control type="image">
          
					
          <description>MKV Icon</description>
          
					
          <width>100</width>
          
					
          <aspectratio>keep</aspectratio>
          
					
          <texture>source/mkv2.png</texture>
          
					
          <visible>String.Contains(Container(2000).ListItem.Property(luc_kodi.extra_info),MKV)</visible>
          
				
        </control>
        
				
        <control type="image">
          
					
          <description>DIVX Icon</description>
          
					
          <width>100</width>
          
					
          <aspectratio>keep</aspectratio>
          
					
          <texture>source/divx.png</texture>
          
					
          <visible>String.Contains(Container(2000).ListItem.Property(luc_kodi.extra_info),DIVX)</visible>
          
				
        </control>
        
				
        <control type="image">
          
					
          <description>XVID Icon</description>
          
					
          <width>100</width>
          
					
          <aspectratio>keep</aspectratio>
          
					
          <texture>source/xvid.png</texture>
          
					
          <visible>String.Contains(Container(2000).ListItem.Property(luc_kodi.extra_info),XVID)</visible>
          
				
        </control>
        
				
        <control type="image">
          
					
          <description>BLURAY Icon</description>
          
					
          <width>100</width>
          
					
          <aspectratio>keep</aspectratio>
          
					
          <texture>source/bluray.png</texture>
          
					
          <visible>String.Contains(Container(2000).ListItem.Property(luc_kodi.extra_info),BLURAY)</visible>
          
				
        </control>
        
				
        <control type="image">
          
					
          <description>M2TS Icon</description>
          
					
          <width>100</width>
          
					
          <aspectratio>keep</aspectratio>
          
					
          <texture>source/m2ts.png</texture>
          
					
          <visible>String.Contains(Container(2000).ListItem.Property(luc_kodi.extra_info),M2TS)</visible>
          
				
        </control>
        
				
        <control type="image">
          
					
          <description>HDTV Icon</description>
          
					
          <width>100</width>
          
					
          <aspectratio>keep</aspectratio>
          
					
          <texture>source/hdtv.png</texture>
          
					
          <visible>String.Contains(Container(2000).ListItem.Property(luc_kodi.extra_info),HDTV)</visible>
          
				
        </control>
        
				
        <control type="image">
          
					
          <description>WEB-DL Icon</description>
          
					
          <width>100</width>
          
					
          <aspectratio>keep</aspectratio>
          
					
          <texture>source/web-dl.png</texture>
          
					
          <visible>String.Contains(Container(2000).ListItem.Property(luc_kodi.extra_info),WEB)</visible>
          
				
        </control>
        
				
        <control type="image">
          
					
          <description>DVD Icon</description>
          
					
          <width>100</width>
          
					
          <aspectratio>keep</aspectratio>
          
					
          <texture>source/dvd.png</texture>
          
					
          <visible>String.Contains(Container(2000).ListItem.Property(luc_kodi.extra_info),DVDRIP)</visible>
          
				
        </control>
        
				
        <control type="image">
          
					
          <description>DOLBY-ATMOS Icon</description>
          
					
          <width>100</width>
          
					
          <aspectratio>keep</aspectratio>
          
					
          <texture>audio/atmos.png</texture>
          
					
          <visible>String.Contains(Container(2000).ListItem.Property(luc_kodi.extra_info),ATMOS)</visible>
          
				
        </control>
        
				
        <control type="image">
          
					
          <description>DOLBY-TRUEHD Icon</description>
          
					
          <width>100</width>
          
					
          <aspectratio>keep</aspectratio>
          
					
          <texture>audio/dolbytruehd.png</texture>
          
					
          <visible>String.Contains(Container(2000).ListItem.Property(luc_kodi.extra_info),DOLBY-TRUEHD)</visible>
          
				
        </control>
        
				
        <control type="image">
          
					
          <description>DOLBY-DIGITAL Icon</description>
          
					
          <width>100</width>
          
					
          <aspectratio>keep</aspectratio>
          
					
          <texture>audio/dolbydigital.png</texture>
          
					
          <visible>String.Contains(Container(2000).ListItem.Property(luc_kodi.extra_info),DOLBYDIGITAL)</visible>
          
				
        </control>
        
				
        <control type="image">
          
					
          <description>DOLBY-DIGITAL PLUS/EAC3 Icon</description>
          
					
          <width>100</width>
          
					
          <aspectratio>keep</aspectratio>
          
					
          <texture>audio/eac3.png</texture>
          
					
          <visible>String.Contains(Container(2000).ListItem.Property(luc_kodi.extra_info),DD) + !String.Contains(Container(2000).ListItem.Property(luc_kodi.extra_info),DD-EX)</visible>
          
				
        </control>
        
				
        <control type="image">
          
					
          <description>DOLBY-DIGITAL EX Icon</description>
          
					
          <width>100</width>
          
					
          <aspectratio>keep</aspectratio>
          
					
          <texture>audio/dolbydigital_ex.jpg</texture>
          
					
          <visible>String.Contains(Container(2000).ListItem.Property(luc_kodi.extra_info),DD-EX)</visible>
          
				
        </control>
        
				
        <control type="image">
          
					
          <description>DTS-HD MA Icon</description>
          
					
          <width>100</width>
          
					
          <aspectratio>keep</aspectratio>
          
					
          <texture>audio/dtshd_ma.png</texture>
          
					
          <visible>String.Contains(Container(2000).ListItem.Property(luc_kodi.extra_info),DTS-HD MA)</visible>
          
				
        </control>
        
				
        <control type="image">
          
					
          <description>DTS-X Icon</description>
          
					
          <width>100</width>
          
					
          <aspectratio>keep</aspectratio>
          
					
          <texture>audio/dts_x.png</texture>
          
					
          <visible>String.Contains(Container(2000).ListItem.Property(luc_kodi.extra_info),DTS-X)</visible>
          
				
        </control>
        
				
        <control type="image">
          
					
          <description>DTS Icon</description>
          
					
          <width>100</width>
          
					
          <aspectratio>keep</aspectratio>
          
					
          <texture>audio/dts2.png</texture>
          
					
          <visible>String.Contains(Container(2000).ListItem.Property(luc_kodi.extra_info),DTS) + !String.Contains(Container(2000).ListItem.Property(luc_kodi.extra_info),DTS-X) + !String.Contains(Container(2000).ListItem.Property(luc_kodi.extra_info),DTS-HD MA)</visible>
          
				
        </control>
        
				
        <control type="image">
          
					
          <description>AAC Icon</description>
          
					
          <width>100</width>
          
					
          <aspectratio>keep</aspectratio>
          
					
          <texture>audio/aac.png</texture>
          
					
          <visible>String.Contains(Container(2000).ListItem.Property(luc_kodi.extra_info),AAC)</visible>
          
				
        </control>
        
				
        <control type="image">
          
					
          <description>MP3 Icon</description>
          
					
          <width>100</width>
          
					
          <aspectratio>keep</aspectratio>
          
					
          <texture>audio/mp3.png</texture>
          
					
          <visible>String.Contains(Container(2000).ListItem.Property(luc_kodi.extra_info),MP3)</visible>
          
				
        </control>
        
				
        <control type="image">
          
					
          <description>FLAC Icon</description>
          
					
          <width>100</width>
          
					
          <aspectratio>keep</aspectratio>
          
					
          <texture>audio/flac.png</texture>
          
					
          <visible>String.Contains(Container(2000).ListItem.Property(luc_kodi.extra_info),FLAC)</visible>
          
				
        </control>
        
				
        <control type="image">
          
					
          <description>MULTI-LANG Icon</description>
          
					
          <width>100</width>
          
					
          <aspectratio>keep</aspectratio>
          
					
          <texture>audio/multi_lingual.png</texture>
          
					
          <visible>String.Contains(Container(2000).ListItem.Property(luc_kodi.extra_info),MULTI-LANG)</visible>
          
				
        </control>
        
				
        <control type="image">
          
					
          <description>2CH Icon</description>
          
					
          <width>100</width>
          
					
          <aspectratio>keep</aspectratio>
          
					
          <texture>channels/2.png</texture>
          
					
          <visible>String.Contains(Container(2000).ListItem.Property(luc_kodi.extra_info),2CH)</visible>
          
				
        </control>
        
				
        <control type="image">
          
					
          <description>6CH Icon</description>
          
					
          <width>100</width>
          
					
          <aspectratio>keep</aspectratio>
          
					
          <texture>channels/6.png</texture>
          
					
          <visible>String.Contains(Container(2000).ListItem.Property(luc_kodi.extra_info),6CH)</visible>
          
				
        </control>
        
				
        <control type="image">
          
					
          <description>7CH Icon</description>
          
					
          <width>100</width>
          
					
          <aspectratio>keep</aspectratio>
          
					
          <texture>channels/7.png</texture>
          
					
          <visible>String.Contains(Container(2000).ListItem.Property(luc_kodi.extra_info),7CH)</visible>
          
				
        </control>
        
				
        <control type="image">
          
					
          <description>8CH Icon</description>
          
					
          <width>100</width>
          
					
          <aspectratio>keep</aspectratio>
          
					
          <texture>channels/8.png</texture>
          
					
          <visible>String.Contains(Container(2000).ListItem.Property(luc_kodi.extra_info),8CH)</visible>
          
				
        </control>
        
			
      </control>
      
		
    </control>
    
		
    <control type="group">
      
			
      <visible>String.IsEqual(Window().Property(luc_kodi.wide_list),true)</visible>
      
			
      <centerleft>50%</centerleft>
      
			
      <width>1480</width>
      
			
      <control type="fixedlist" id="2001">
        
				
        <focusposition>3</focusposition>
        
				
        <movement>4</movement>
        
				
        <description>Source Select List</description>
        
				
        <viewtype>list</viewtype>
        
				
        <left>0</left>
        
				
        <top>150</top>
        
				
        <width>1450</width>
        
				
        <height>800</height>
        
				
        <scrolltime tween="sine">400</scrolltime>
        
				
        <orientation>Vertical</orientation>
        
				
        <itemlayout height="100">
          
				
          <control type="image">
            
					
            <description>Card Background</description>
            
					
            <left>0</left>
            
					
            <top>10</top>
            
					
            <width>1480</width>
            
					
            <height>80</height>
            
					
            <aspectratio>stretch</aspectratio>
            
					
            <texture colordiffuse="80F5F5F5">common/black.png</texture>
            
				
          </control>
          
					
          <control type="image">
            
						
            <description>Quality Icon</description>
            
						
            <left>0</left>
            
						
            <top>0</top>
            
						
            <width>100</width>
            
						
            <height>100</height>
            
						
            <aspectratio>keep</aspectratio>
            
						
            <texture colordiffuse="80F5F5F5">$INFO[ListItem.Property(luc_kodi.quality_icon)]</texture>
            
					
          </control>
          
					
          <control type="group">
            
						
            <left>110</left>
            
						
            <top>50</top>
            
						
            <width>1274</width>
            
						
            <height>25</height>
            
						
            <control type="label">
              
							
              <description>Line1 link name</description>
              
							
              <top>-35</top>
              
							
              <font>font12</font>
              
							
              <textcolor>FFFFFFFF</textcolor>
              
							
              <align>left</align>
              
							
              <aligny>top</aligny>
              
							
              <label>[B][COLOR $INFO[Window().Property(luc_kodi.highlight.color)]]$INFO[ListItem.Property(luc_kodi.count)]  $INFO[ListItem.Property(luc_kodi.name)][/COLOR][/B]</label>
              
							
              <visible>!String.Contains(ListItem.Property(luc_kodi.source),UNCACHED)</visible>
              
						
            </control>
            
						
            <control type="label">
              
							
              <description>Line1 link name UNCACHED TORRENTS</description>
              
							
              <top>-35</top>
              
							
              <font>font12</font>
              
							
              <textcolor>FFFFFFFF</textcolor>
              
							
              <align>left</align>
              
							
              <aligny>top</aligny>
              
							
              <label>[B]$INFO[ListItem.Property(luc_kodi.count)]  $INFO[ListItem.Property(luc_kodi.name)][/B]</label>
              
							
              <visible>String.Contains(ListItem.Property(luc_kodi.source),UNCACHED)</visible>
              
						
            </control>
            
						
            <control type="label">
              
							
              <description>Line2 link name LOAD UNCACHED TORRENTS</description>
              
							
              <font>font13</font>
              
							
              <textcolor>FFFFFFFF</textcolor>
              
							
              <align>left</align>
              
							
              <aligny>top</aligny>
              
							
              <label>$INFO[ListItem.Property(luc_kodi.size_label)] UNCACHED TORRENTS</label>
              
							
              <visible>String.IsEqual(ListItem.Property(luc_kodi.source),LOAD UNCACHED TORRENTS)</visible>
              
						
            </control>
            
						
            <control type="label">
              
							
              <description>Line2 cloud file</description>
              
							
              <font>font13</font>
              
							
              <textcolor>FFFFFFFF</textcolor>
              
							
              <align>left</align>
              
							
              <aligny>top</aligny>
              
							
              <label>$INFO[ListItem.Property(luc_kodi.size_label)]   [COLOR $INFO[Window().Property(luc_kodi.highlight.color)]]|[/COLOR]   $INFO[ListItem.Property(luc_kodi.debrid)]   [COLOR $INFO[Window().Property(luc_kodi.highlight.color)]]|[/COLOR]   $INFO[ListItem.Property(luc_kodi.source)]</label>
              
							
              <visible>String.IsEqual(ListItem.Property(luc_kodi.source),CLOUD)</visible>
              
						
            </control>
            
						
            <control type="label">
              
							
              <description>Line2 cached torrents</description>
              
							
              <font>font13</font>
              
							
              <textcolor>FFFFFFFF</textcolor>
              
							
              <align>left</align>
              
							
              <aligny>top</aligny>
              
							
              <label>$INFO[ListItem.Property(luc_kodi.size_label)]   [COLOR $INFO[Window().Property(luc_kodi.highlight.color)]]|[/COLOR]   $INFO[ListItem.Property(luc_kodi.debrid)]   [COLOR $INFO[Window().Property(luc_kodi.highlight.color)]]|[/COLOR]   $INFO[ListItem.Property(luc_kodi.provider)]   [COLOR $INFO[Window().Property(luc_kodi.highlight.color)]]|[/COLOR]   $INFO[ListItem.Property(luc_kodi.source)]   [COLOR $INFO[Window().Property(luc_kodi.highlight.color)]]|[/COLOR]   $INFO[ListItem.Property(luc_kodi.extra_info)]</label>
              
							
              <visible>!String.Contains(ListItem.Property(luc_kodi.source),DIRECT) + !String.Contains(ListItem.Property(luc_kodi.source),LOCAL) + !String.Contains(ListItem.Property(luc_kodi.source),UNCACHED) + !String.Contains(ListItem.Property(luc_kodi.source),CLOUD)</visible>
              
						
            </control>
            
						
            <control type="label">
              
							
              <description>Line2 uncached torrents</description>
              
							
              <font>font13</font>
              
							
              <textcolor>FFFFFFFF</textcolor>
              
							
              <align>left</align>
              
							
              <aligny>top</aligny>
              
							
              <label>$INFO[ListItem.Property(luc_kodi.size_label)]   [COLOR $INFO[Window().Property(luc_kodi.highlight.color)]]|[/COLOR]   $INFO[ListItem.Property(luc_kodi.debrid)]   [COLOR $INFO[Window().Property(luc_kodi.highlight.color)]]|[/COLOR]   $INFO[ListItem.Property(luc_kodi.provider)]   [COLOR $INFO[Window().Property(luc_kodi.highlight.color)]]|[/COLOR]   $INFO[ListItem.Property(luc_kodi.source)]   [COLOR $INFO[Window().Property(luc_kodi.highlight.color)]]|[/COLOR]   SEEDERS: $INFO[ListItem.Property(luc_kodi.seeders)]</label>
              
							
              <visible>!String.IsEqual(ListItem.Property(luc_kodi.source),LOAD UNCACHED TORRENTS) + String.Contains(ListItem.Property(luc_kodi.source),UNCACHED)</visible>
              
						
            </control>
            
						
            <control type="label">
              
							
              <description>Line2 direct or local links</description>
              
							
              <font>font13</font>
              
							
              <textcolor>FFFFFFFF</textcolor>
              
							
              <align>left</align>
              
							
              <aligny>top</aligny>
              
							
              <label>$INFO[ListItem.Property(luc_kodi.size_label)]   [COLOR $INFO[Window().Property(luc_kodi.highlight.color)]]|[/COLOR]   $INFO[ListItem.Property(luc_kodi.source)]   [COLOR $INFO[Window().Property(luc_kodi.highlight.color)]]|[/COLOR]   $INFO[ListItem.Property(luc_kodi.provider)]</label>
              
							
              <visible>String.Contains(ListItem.Property(luc_kodi.source),DIRECT) | String.Contains(ListItem.Property(luc_kodi.source),LOCAL)</visible>
              
						
            </control>
            
						
            <control type="label">
              
							
              <description>Line2 hosters</description>
              
							
              <font>font13</font>
              
							
              <textcolor>FFFFFFFF</textcolor>
              
							
              <align>left</align>
              
							
              <aligny>top</aligny>
              
							
              <label>$INFO[ListItem.Property(luc_kodi.size_label)]   [COLOR $INFO[Window().Property(luc_kodi.highlight.color)]]|[/COLOR]   $INFO[ListItem.Property(luc_kodi.debrid)]   [COLOR $INFO[Window().Property(luc_kodi.highlight.color)]]|[/COLOR]   $INFO[ListItem.Property(luc_kodi.provider)]   [COLOR $INFO[Window().Property(luc_kodi.highlight.color)]]|[/COLOR]   $INFO[ListItem.Property(luc_kodi.source)]   [COLOR $INFO[Window().Property(luc_kodi.highlight.color)]]|[/COLOR]   HOSTER</label>
              
							
              <visible>!String.Contains(ListItem.Property(luc_kodi.source),UNCHECKED) + !String.Contains(ListItem.Property(luc_kodi.source),DIRECT) + !String.Contains(ListItem.Property(luc_kodi.source),LOCAL) + !String.Contains(ListItem.Property(luc_kodi.source),TORRENT) + !String.IsEqual(ListItem.Property(luc_kodi.source),CLOUD)</visible>
              
						
            </control>
            
					
          </control>
          
				
        </itemlayout>
        
				
        <focusedlayout height="100">
          
					
          <control type="image">
            
						
            <left>0</left>
            
						
            <top>0</top>
            
						
            <width>1350</width>
            
						
            <height>100</height>
            
						
            <texture colordiffuse="80F5F5F5" flipx="true">common/gradient-diffuse-horizontal.png</texture>
            
					
          </control>
          
					
          <control type="image">
            
						
            <description>Quality Icon</description>
            
						
            <left>0</left>
            
						
            <top>0</top>
            
						
            <width>100</width>
            
						
            <height>100</height>
            
						
            <aspectratio>keep</aspectratio>
            
						
            <texture>$INFO[ListItem.Property(luc_kodi.quality_icon)]</texture>
            
					
          </control>
          
					
          <control type="group">
            
						
            <left>110</left>
            
						
            <top>50</top>
            
						
            <width>1274</width>
            
						
            <height>25</height>
            
						
            <control type="label">
              
							
              <description>Line1 link name</description>
              
							
              <top>-35</top>
              
							
              <font>font12</font>
              
							
              <textcolor>FFFFFFFF</textcolor>
              
							
              <align>left</align>
              
							
              <aligny>top</aligny>
              
							
              <label>[B]$INFO[ListItem.Property(luc_kodi.count)]  $INFO[ListItem.Property(luc_kodi.name)][/B]</label>
              
						
            </control>
            
						
            <control type="label">
              
							
              <description>Line2 link name LOAD UNCACHED TORRENTS</description>
              
							
              <font>font13</font>
              
							
              <textcolor>FFFFFFFF</textcolor>
              
							
              <align>left</align>
              
							
              <aligny>top</aligny>
              
							
              <label>[B]$INFO[ListItem.Property(luc_kodi.size_label)] UNCACHED TORRENTS[/B]</label>
              
							
              <visible>String.IsEqual(ListItem.Property(luc_kodi.source),LOAD UNCACHED TORRENTS)</visible>
              
												
              <scroll>Control.HasFocus(2001)</scroll>
              
					
            </control>
            
						
            <control type="label">
              
							
              <description>Line2 cloud file</description>
              
							
              <font>font13</font>
              
							
              <textcolor>FFFFFFFF</textcolor>
              
							
              <align>left</align>
              
							
              <aligny>top</aligny>
              
							
              <label>[B]$INFO[ListItem.Property(luc_kodi.size_label)]  |  $INFO[ListItem.Property(luc_kodi.debrid)]  |  $INFO[ListItem.Property(luc_kodi.source)][/B]</label>
              
							
              <visible>String.IsEqual(ListItem.Property(luc_kodi.source),CLOUD)</visible>
              
												
              <scroll>Control.HasFocus(2001)</scroll>
              
					
            </control>
            
						
            <control type="label">
              
							
              <description>Line2 cached torrents</description>
              
							
              <font>font13</font>
              
							
              <textcolor>FFFFFFFF</textcolor>
              
							
              <align>left</align>
              
							
              <aligny>top</aligny>
              
							
              <label>[B]$INFO[ListItem.Property(luc_kodi.size_label)]  |  $INFO[ListItem.Property(luc_kodi.debrid)]  |  $INFO[ListItem.Property(luc_kodi.provider)]  |  $INFO[ListItem.Property(luc_kodi.source)]  |  $INFO[ListItem.Property(luc_kodi.extra_info)][/B]</label>
              
							
              <visible>!String.Contains(ListItem.Property(luc_kodi.source),DIRECT) + !String.Contains(ListItem.Property(luc_kodi.source),LOCAL) + !String.Contains(ListItem.Property(luc_kodi.source),UNCACHED) + !String.Contains(ListItem.Property(luc_kodi.source),CLOUD)</visible>
              
												
              <scroll>Control.HasFocus(2001)</scroll>
              
					
            </control>
            
						
            <control type="label">
              
							
              <description>Line2 uncached torrents</description>
              
							
              <font>font13</font>
              
							
              <textcolor>FFFFFFFF</textcolor>
              
							
              <align>left</align>
              
							
              <aligny>top</aligny>
              
							
              <label>[B]$INFO[ListItem.Property(luc_kodi.size_label)]  |  $INFO[ListItem.Property(luc_kodi.debrid)]  |  $INFO[ListItem.Property(luc_kodi.provider)]  |  $INFO[ListItem.Property(luc_kodi.source)]  |  SEEDERS: $INFO[ListItem.Property(luc_kodi.seeders)][/B]</label>
              
							
              <visible>!String.IsEqual(ListItem.Property(luc_kodi.source),LOAD UNCACHED TORRENTS) + String.Contains(ListItem.Property(luc_kodi.source),UNCACHED)</visible>
              
												
              <scroll>Control.HasFocus(2001)</scroll>
              
					
            </control>
            
						
            <control type="label">
              
							
              <description>Line2 direct or local links</description>
              
							
              <font>font13</font>
              
							
              <textcolor>FFFFFFFF</textcolor>
              
							
              <align>left</align>
              
							
              <aligny>top</aligny>
              
							
              <label>[B]$INFO[ListItem.Property(luc_kodi.size_label)]  |  $INFO[ListItem.Property(luc_kodi.source)]  |  $INFO[ListItem.Property(luc_kodi.provider)][/B]</label>
              
							
              <visible>String.Contains(ListItem.Property(luc_kodi.source),DIRECT) | String.Contains(ListItem.Property(luc_kodi.source),LOCAL)</visible>
              
												
              <scroll>Control.HasFocus(2001)</scroll>
              
					
            </control>
            
						
            <control type="label">
              
							
              <description>Line2 hosters</description>
              
							
              <font>font13</font>
              
							
              <textcolor>FFFFFFFF</textcolor>
              
							
              <align>left</align>
              
							
              <aligny>top</aligny>
              
							
              <label>[B]$INFO[ListItem.Property(luc_kodi.size_label)]  |  $INFO[ListItem.Property(luc_kodi.debrid)]  |  $INFO[ListItem.Property(luc_kodi.provider)]  |  $INFO[ListItem.Property(luc_kodi.source)]  |  HOSTER[/B]</label>
              
							
              <visible>!String.Contains(ListItem.Property(luc_kodi.source),UNCHECKED) + !String.Contains(ListItem.Property(luc_kodi.source),DIRECT) + !String.Contains(ListItem.Property(luc_kodi.source),LOCAL) + !String.Contains(ListItem.Property(luc_kodi.source),TORRENT) + !String.IsEqual(ListItem.Property(luc_kodi.source),CLOUD)</visible>
              
												
              <scroll>Control.HasFocus(2001)</scroll>
              
					
            </control>
            
					
          </control>
          
				
        </focusedlayout>
        
			
        <pagecontrol>3001</pagecontrol>
        <onright>3001</onright>
      </control>
      
			
      <control type="scrollbar" id="3001">
        <description>Auto Scrollbar</description>
        <left>1460</left>
        <top>150</top>
        <width>20</width>
        <height>800</height>
        <orientation>vertical</orientation>
        <showonepage>true</showonepage>
        <midtexture colordiffuse="40F5F5F5">common/gradient-diffuse-3.png</midtexture>
        <nibtexture colordiffuse="$INFO[Window().Property(luc_kodi.highlight.color)]">common/white.png</nibtexture>
        <midtexturefocus colordiffuse="60F5F5F5">common/gradient-diffuse-1.png</midtexturefocus>
        <nibtexturefocus colordiffuse="FFFFFFFF">common/white.png</nibtexturefocus>
        <animation effect="fade" start="0" end="100" time="220" tween="sine">WindowOpen</animation>
        <onleft>2001</onleft>
        <onright>noop</onright>
      </control>
      <control type="grouplist" id="2003">
        
				
        <description>Info icons</description>
        
				
        <left>110</left>
        
				
        <top>965</top>
        
				
        <width>1410</width>
        
				
        <height>100</height>
        
				
        <itemgap>25</itemgap>
        
				
        <orientation>horizontal</orientation>
        
				
        <control type="image">
          
					
          <description>Dolby Vision Icon</description>
          
					
          <width>100</width>
          
					
          <aspectratio>keep</aspectratio>
          
					
          <texture>source/dv.png</texture>
          
					
          <visible>String.Contains(Container(2001).ListItem.Property(luc_kodi.extra_info),DOLBY-VISION)</visible>
          
				
        </control>
        
				
        <control type="image">
          
					
          <description>HDR Icon</description>
          
					
          <width>100</width>
          
					
          <aspectratio>keep</aspectratio>
          
					
          <texture>source/hdr.png</texture>
          
					
          <visible>String.Contains(Container(2001).ListItem.Property(luc_kodi.extra_info),HDR) + !String.Contains(Container(2001).ListItem.Property(luc_kodi.extra_info),HDRIP)</visible>
          
				
        </control>
        
				
        <control type="image">
          
					
          <description>3D Icon</description>
          
					
          <width>100</width>
          
					
          <aspectratio>keep</aspectratio>
          
					
          <texture>source/3d.png</texture>
          
					
          <visible>String.Contains(Container(2001).ListItem.Property(luc_kodi.extra_info),3D)</visible>
          
				
        </control>
        
				
        <control type="image">
          
					
          <description>HEVC/H.265 Icon</description>
          
					
          <width>100</width>
          
					
          <aspectratio>keep</aspectratio>
          
					
          <texture>source/hevc.png</texture>
          
					
          <visible>String.Contains(Container(2001).ListItem.Property(luc_kodi.extra_info),HEVC) | [String.Contains(Container(2001).ListItem.Property(luc_kodi.extra_info),DOLBY-VISION) | String.Contains(Container(2001).ListItem.Property(luc_kodi.extra_info),HDR)] + !String.Contains(Container(2001).ListItem.Property(luc_kodi.extra_info),HDRIP) + !String.Contains(Container(2001).ListItem.Property(luc_kodi.extra_info),AVC)</visible>
          
				
        </control>
        
				
        <control type="image">
          
					
          <description>AVC/H.264 Icon</description>
          
					
          <width>100</width>
          
					
          <aspectratio>keep</aspectratio>
          
					
          <texture>source/h264.png</texture>
          
					
          <visible>String.Contains(Container(2001).ListItem.Property(luc_kodi.extra_info),AVC)</visible>
          
				
        </control>
        
				
        <control type="image">
          
					
          <description>MPEG Icon</description>
          
					
          <width>100</width>
          
					
          <aspectratio>keep</aspectratio>
          
					
          <texture>source/mpeg_video.png</texture>
          
					
          <visible>String.Contains(Container(2001).ListItem.Property(luc_kodi.extra_info),MPEG)</visible>
          
				
        </control>
        
				
        <control type="image">
          
					
          <description>WMV Icon</description>
          
					
          <width>100</width>
          
					
          <aspectratio>keep</aspectratio>
          
					
          <texture>source/wmv2.png</texture>
          
					
          <visible>String.Contains(Container(2001).ListItem.Property(luc_kodi.extra_info),WMV)</visible>
          
				
        </control>
        
				
        <control type="image">
          
					
          <description>AVI Icon</description>
          
					
          <width>100</width>
          
					
          <aspectratio>keep</aspectratio>
          
					
          <texture>source/avi.png</texture>
          
					
          <visible>String.Contains(Container(2001).ListItem.Property(luc_kodi.extra_info),AVI)</visible>
          
				
        </control>
        
				
        <control type="image">
          
					
          <description>MKV Icon</description>
          
					
          <width>100</width>
          
					
          <aspectratio>keep</aspectratio>
          
					
          <texture>source/mkv2.png</texture>
          
					
          <visible>String.Contains(Container(2001).ListItem.Property(luc_kodi.extra_info),MKV)</visible>
          
				
        </control>
        
				
        <control type="image">
          
					
          <description>DIVX Icon</description>
          
					
          <width>100</width>
          
					
          <aspectratio>keep</aspectratio>
          
					
          <texture>source/divx.png</texture>
          
					
          <visible>String.Contains(Container(2001).ListItem.Property(luc_kodi.extra_info),DIVX)</visible>
          
				
        </control>
        
				
        <control type="image">
          
					
          <description>XVID Icon</description>
          
					
          <width>100</width>
          
					
          <aspectratio>keep</aspectratio>
          
					
          <texture>source/xvid.png</texture>
          
					
          <visible>String.Contains(Container(2001).ListItem.Property(luc_kodi.extra_info),XVID)</visible>
          
				
        </control>
        
				
        <control type="image">
          
					
          <description>BLURAY Icon</description>
          
					
          <width>100</width>
          
					
          <aspectratio>keep</aspectratio>
          
					
          <texture>source/bluray.png</texture>
          
					
          <visible>String.Contains(Container(2001).ListItem.Property(luc_kodi.extra_info),BLURAY)</visible>
          
				
        </control>
        
				
        <control type="image">
          
					
          <description>M2TS Icon</description>
          
					
          <width>100</width>
          
					
          <aspectratio>keep</aspectratio>
          
					
          <texture>source/m2ts.png</texture>
          
					
          <visible>String.Contains(Container(2001).ListItem.Property(luc_kodi.extra_info),M2TS)</visible>
          
				
        </control>
        
				
        <control type="image">
          
					
          <description>HDTV Icon</description>
          
					
          <width>100</width>
          
					
          <aspectratio>keep</aspectratio>
          
					
          <texture>source/hdtv.png</texture>
          
					
          <visible>String.Contains(Container(2001).ListItem.Property(luc_kodi.extra_info),HDTV)</visible>
          
				
        </control>
        
				
        <control type="image">
          
					
          <description>WEB-DL Icon</description>
          
					
          <width>100</width>
          
					
          <aspectratio>keep</aspectratio>
          
					
          <texture>source/web-dl.png</texture>
          
					
          <visible>String.Contains(Container(2001).ListItem.Property(luc_kodi.extra_info),WEB)</visible>
          
				
        </control>
        
				
        <control type="image">
          
					
          <description>DVD Icon</description>
          
					
          <width>100</width>
          
					
          <aspectratio>keep</aspectratio>
          
					
          <texture>source/dvd.png</texture>
          
					
          <visible>String.Contains(Container(2001).ListItem.Property(luc_kodi.extra_info),DVDRIP)</visible>
          
				
        </control>
        
				
        <control type="image">
          
					
          <description>DOLBY-ATMOS Icon</description>
          
					
          <width>100</width>
          
					
          <aspectratio>keep</aspectratio>
          
					
          <texture>audio/atmos.png</texture>
          
					
          <visible>String.Contains(Container(2001).ListItem.Property(luc_kodi.extra_info),ATMOS)</visible>
          
				
        </control>
        
				
        <control type="image">
          
					
          <description>DOLBY-TRUEHD Icon</description>
          
					
          <width>100</width>
          
					
          <aspectratio>keep</aspectratio>
          
					
          <texture>audio/dolbytruehd.png</texture>
          
					
          <visible>String.Contains(Container(2001).ListItem.Property(luc_kodi.extra_info),DOLBY-TRUEHD)</visible>
          
				
        </control>
        
				
        <control type="image">
          
					
          <description>DOLBY-DIGITAL Icon</description>
          
					
          <width>100</width>
          
					
          <aspectratio>keep</aspectratio>
          
					
          <texture>audio/dolbydigital.png</texture>
          
					
          <visible>String.Contains(Container(2001).ListItem.Property(luc_kodi.extra_info),DOLBYDIGITAL)</visible>
          
				
        </control>
        
				
        <control type="image">
          
					
          <description>DOLBY-DIGITAL PLUS/EAC3 Icon</description>
          
					
          <width>100</width>
          
					
          <aspectratio>keep</aspectratio>
          
					
          <texture>audio/eac3.png</texture>
          
					
          <visible>String.Contains(Container(2001).ListItem.Property(luc_kodi.extra_info),DD) + !String.Contains(Container(2001).ListItem.Property(luc_kodi.extra_info),DD-EX)</visible>
          
				
        </control>
        
				
        <control type="image">
          
					
          <description>DOLBY-DIGITAL EX Icon</description>
          
					
          <width>100</width>
          
					
          <aspectratio>keep</aspectratio>
          
					
          <texture>audio/dolbydigital_ex.jpg</texture>
          
					
          <visible>String.Contains(Container(2001).ListItem.Property(luc_kodi.extra_info),DD-EX)</visible>
          
				
        </control>
        
				
        <control type="image">
          
					
          <description>DTS-HD MA Icon</description>
          
					
          <width>100</width>
          
					
          <aspectratio>keep</aspectratio>
          
					
          <texture>audio/dtshd_ma.png</texture>
          
					
          <visible>String.Contains(Container(2001).ListItem.Property(luc_kodi.extra_info),DTS-HD MA)</visible>
          
				
        </control>
        
				
        <control type="image">
          
					
          <description>DTS-X Icon</description>
          
					
          <width>100</width>
          
					
          <aspectratio>keep</aspectratio>
          
					
          <texture>audio/dts_x.png</texture>
          
					
          <visible>String.Contains(Container(2001).ListItem.Property(luc_kodi.extra_info),DTS-X)</visible>
          
				
        </control>
        
				
        <control type="image">
          
					
          <description>DTS Icon</description>
          
					
          <width>100</width>
          
					
          <aspectratio>keep</aspectratio>
          
					
          <texture>audio/dts2.png</texture>
          
					
          <visible>String.Contains(Container(2001).ListItem.Property(luc_kodi.extra_info),DTS) + !String.Contains(Container(2001).ListItem.Property(luc_kodi.extra_info),DTS-X) + !String.Contains(Container(2001).ListItem.Property(luc_kodi.extra_info),DTS-HD MA)</visible>
          
				
        </control>
        
				
        <control type="image">
          
					
          <description>AAC Icon</description>
          
					
          <width>100</width>
          
					
          <aspectratio>keep</aspectratio>
          
					
          <texture>audio/aac.png</texture>
          
					
          <visible>String.Contains(Container(2001).ListItem.Property(luc_kodi.extra_info),AAC)</visible>
          
				
        </control>
        
				
        <control type="image">
          
					
          <description>MP3 Icon</description>
          
					
          <width>100</width>
          
					
          <aspectratio>keep</aspectratio>
          
					
          <texture>audio/mp3.png</texture>
          
					
          <visible>String.Contains(Container(2001).ListItem.Property(luc_kodi.extra_info),MP3)</visible>
          
				
        </control>
        
				
        <control type="image">
          
					
          <description>FLAC Icon</description>
          
					
          <width>100</width>
          
					
          <aspectratio>keep</aspectratio>
          
					
          <texture>audio/flac.png</texture>
          
					
          <visible>String.Contains(Container(2001).ListItem.Property(luc_kodi.extra_info),FLAC)</visible>
          
				
        </control>
        
				
        <control type="image">
          
					
          <description>MULTI-LANG Icon</description>
          
					
          <width>100</width>
          
					
          <aspectratio>keep</aspectratio>
          
					
          <texture>audio/multi_lingual.png</texture>
          
					
          <visible>String.Contains(Container(2001).ListItem.Property(luc_kodi.extra_info),MULTI-LANG)</visible>
          
				
        </control>
        
				
        <control type="image">
          
					
          <description>2CH Icon</description>
          
					
          <width>100</width>
          
					
          <aspectratio>keep</aspectratio>
          
					
          <texture>channels/2.png</texture>
          
					
          <visible>String.Contains(Container(2001).ListItem.Property(luc_kodi.extra_info),2CH)</visible>
          
				
        </control>
        
				
        <control type="image">
          
					
          <description>6CH Icon</description>
          
					
          <width>100</width>
          
					
          <aspectratio>keep</aspectratio>
          
					
          <texture>channels/6.png</texture>
          
					
          <visible>String.Contains(Container(2001).ListItem.Property(luc_kodi.extra_info),6CH)</visible>
          
				
        </control>
        
				
        <control type="image">
          
					
          <description>7CH Icon</description>
          
					
          <width>100</width>
          
					
          <aspectratio>keep</aspectratio>
          
					
          <texture>channels/7.png</texture>
          
					
          <visible>String.Contains(Container(2001).ListItem.Property(luc_kodi.extra_info),7CH)</visible>
          
				
        </control>
        
				
        <control type="image">
          
					
          <description>8CH Icon</description>
          
					
          <width>100</width>
          
					
          <aspectratio>keep</aspectratio>
          
					
          <texture>channels/8.png</texture>
          
					
          <visible>String.Contains(Container(2001).ListItem.Property(luc_kodi.extra_info),8CH)</visible>
          
				
        </control>
        
			
      </control>
      
		
    </control>
    
	
  </controls>
  

</window>
