<?xml version="1.0" encoding="UTF-8" standalone="yes"?>
<addon id="repository.luc_repo" name="luc_repo" version="1.0.0" provider-name="luc_kodi">
   <extension point="xbmc.addon.repository" name="Mijn Repository">
		<dir>
			<info compressed="false">https://raw.githubusercontent.com/apoyotech/luc_repo/refs/heads/main/addons.xml</info>
			<checksum>https://raw.githubusercontent.com/apoyotech/luc_repo/refs/heads/main/addons.xml.md5</checksum>
			<datadir zip="true">https://raw.githubusercontent.com/apoyotech/luc_repo/refs/heads/main/</datadir>
		</dir>
	</extension>
	<extension point="xbmc.addon.metadata">
    <summary lang="en">luc_repo</summary>
    <description lang="en">luc_repo for open source Kodi</description>
    <platform>all</platform>
  </extension>
</addon>